date,exchange,reserve_btc
2023-01-01,binance,-830.32658245
2023-01-01,bitfinex,4100.86426
2023-01-02,binance,6697.86701494
2023-01-02,bitfinex,6670.54345
2023-01-03,binance,4110.55310027
2023-01-03,bitfinex,7905.73963
2023-01-04,binance,5822.17512683
2023-01-04,bitfinex,8371.5894
2023-01-05,binance,3300.4307633
2023-01-06,binance,1105.19118053
2023-01-06,bitfinex,9006.44126
2023-01-07,binance,493.50964607
2023-01-08,binance,2453.77430919
2023-01-08,bitfinex,9387.03456
2023-01-09,binance,1020.31771895
2023-01-09,bitfinex,9746.97666
2023-01-10,binance,-679.13796442
2023-01-10,bitfinex,9873.82968
2023-01-11,binance,-2989.24269194
2023-01-12,binance,459.37138708
2023-01-13,binance,-2825.51189186
2023-01-13,bitfinex,5759.779988
2023-01-13,okx,0.01
2023-01-14,binance,1961.79122659
2023-01-14,bitfinex,5860.985538
2023-01-15,binance,-4815.92410641
2023-01-16,binance,3532.31201284
2023-01-16,bitfinex,250
2023-01-17,binance,3329.54026744
2023-01-17,bitfinex,2360.985467
2023-01-18,binance,4521.74591497
2023-01-18,bitfinex,4662.104517
2023-01-19,binance,14972.4063223
2023-01-20,binance,1083.95222436
2023-01-21,binance,3727.85262591
2023-01-21,bitfinex,3875.12410946
2023-01-22,binance,6381.36846684
2023-01-23,binance,7485.6160552
2023-01-24,binance,4788.64004444
2023-01-24,bitfinex,2500
2023-01-25,binance,2108.83048797
2023-01-25,bitfinex,1036.922891
2023-01-26,binance,2951.14991132
2023-01-26,bitfinex,2500.00001
2023-01-27,binance,4364.34253892
2023-01-28,binance,5521.12929061
2023-01-29,binance,4863.34805318
2023-01-30,binance,12278.30670038
2023-01-30,bitfinex,-2841.266659
2023-01-31,binance,12209.85406554
2023-01-31,bitfinex,-5591.267827
2023-02-01,binance,11475.82951968
2023-02-01,bitfinex,-837.036307
2023-02-02,binance,9607.89068311
2023-02-02,bitfinex,903.494083
2023-02-03,binance,7897.6871737
2023-02-04,binance,5747.86632065
2023-02-05,binance,8134.17214127
2023-02-06,binance,7737.03620902
2023-02-07,binance,6887.84044288
2023-02-08,binance,6682.61416361
2023-02-08,bitfinex,0.00009846
2023-02-09,binance,4902.92343332
2023-02-10,binance,11076.01507444
2023-02-10,bitfinex,0.00010623
2023-02-11,binance,12664.25267294
2023-02-11,bitfinex,0.0001117
2023-02-12,binance,13494.855045
2023-02-13,binance,6548.5198075
2023-02-13,bitfinex,0.00011717
2023-02-14,binance,4163.49271058
2023-02-14,bitfinex,197.745652
2023-02-14,okx,351.01
2023-02-15,binance,8531.75507493
2023-02-15,bitfinex,691.663252
2023-02-16,binance,12301.02996348
2023-02-16,bitfinex,947.45581464
2023-02-17,binance,11113.78831121
2023-02-17,bitfinex,1724.264102
2023-02-18,binance,14895.21692864
2023-02-18,bitfinex,2950.00001
2023-02-19,binance,14589.98513403
2023-02-20,binance,15838.63120803
2023-02-20,bitfinex,2698.359982
2023-02-21,binance,17003.20565567
2023-02-21,bitfinex,2919.002982
2023-02-22,binance,19349.4011407
2023-02-23,binance,17093.40357877
2023-02-23,bitfinex,0.00065304
2023-02-24,binance,18942.56534715
2023-02-24,bitfinex,3042.013712
2023-02-25,binance,19989.84989344
2023-02-25,bitfinex,3313.502452
2023-02-26,binance,18456.70754438
2023-02-26,bitfinex,3521.632002
2023-02-27,binance,20343.08470191
2023-02-27,bitfinex,4052.96836
2023-02-28,binance,20832.50335568
2023-02-28,bitfinex,-1397.021717
2023-03-01,binance,20585.38166312
2023-03-01,bitfinex,5601.194273
2023-03-02,binance,18721.60926984
2023-03-02,bitfinex,4880.827923
2023-03-03,binance,17912.12006892
2023-03-04,binance,17202.45975614
2023-03-05,binance,21214.52537697
2023-03-06,binance,23713.75590912
2023-03-06,bitfinex,5221.884283
2023-03-07,binance,26073.48456724
2023-03-07,bitfinex,5434.664243
2023-03-08,binance,17335.53320392
2023-03-08,bitfinex,5657.602253
2023-03-09,binance,20575.77669234
2023-03-09,bitfinex,5874.153703
2023-03-10,binance,13342.85249871
2023-03-10,bitfinex,6634.436683
2023-03-10,okx,351.31
2023-03-11,binance,6087.570621
2023-03-11,bitfinex,8523.444093
2023-03-12,binance,7443.46311276
2023-03-13,binance,32684.12614434
2023-03-13,bitfinex,10409.5216204
2023-03-14,binance,41332.8848725
2023-03-14,bitfinex,10883.400893
2023-03-15,binance,42468.17871166
2023-03-15,bitfinex,11107.609483
2023-03-16,binance,48033.63216376
2023-03-16,bitfinex,11224.424943
2023-03-16,okx,4353.31
2023-03-17,binance,9229.3716847
2023-03-17,bitfinex,24278.037765
2023-03-18,binance,16518.89051723
2023-03-18,bitfinex,20168.764517
2023-03-19,binance,15457.3890598
2023-03-19,bitfinex,25150.002876
2023-03-20,binance,17750.77583527
2023-03-20,bitfinex,23606.6850594
2023-03-20,okx,4854.31
2023-03-21,binance,15542.15555308
2023-03-22,binance,59684.41388568
2023-03-22,bitfinex,-9693.509348
2023-03-23,binance,20536.24090885
2023-03-23,bitfinex,-18587.909308
2023-03-24,binance,17873.81263063
2023-03-25,binance,21481.00768953
2023-03-26,binance,22459.83374657
2023-03-27,binance,17692.1905297
2023-03-28,binance,19272.01682039
2023-03-29,binance,19621.73118363
2023-03-29,bitfinex,-12654.659119
2023-03-29,okx,7856.31
2023-03-30,binance,22802.60669775
2023-03-30,bitfinex,-1304.19917917
2023-03-30,okx,10858.31
2023-03-31,binance,23586.39542422
2023-04-01,binance,22843.50701777
2023-04-01,bitfinex,2832.58736428
2023-04-02,binance,21251.58000167
2023-04-02,bitfinex,-7047.965589
2023-04-03,binance,24002.52888594
2023-04-03,bitfinex,10000.0996842
2023-04-04,binance,22435.5806197
2023-04-04,bitfinex,-7478.630389
2023-04-04,okx,13361.31
2023-04-05,binance,63311.1737536
2023-04-05,bitfinex,3428.62630701
2023-04-05,okx,15416.31
2023-04-06,binance,7418.27564537
2023-04-07,binance,8634.70115479
2023-04-07,bitfinex,10000.09975481
2023-04-08,binance,9460.42582599
2023-04-09,binance,11266.02804187
2023-04-10,binance,12267.27626297
2023-04-11,binance,16953.68557809
2023-04-11,bitfinex,-9238.914952
2023-04-11,okx,26830.31
2023-04-12,binance,77003.42771001
2023-04-12,bitfinex,11161.93697827
2023-04-12,okx,27331.31
2023-04-13,binance,7516.63182144
2023-04-14,binance,4346.8785678
2023-04-15,binance,6377.18404646
2023-04-15,okx,28183.31
2023-04-16,binance,6416.25826325
2023-04-17,binance,11043.6208614
2023-04-17,bitfinex,8252.66401255
2023-04-18,binance,11833.29586163
2023-04-18,bitfinex,-928.278081
2023-04-18,okx,27683.31
2023-04-19,binance,15484.1500514
2023-04-20,binance,87858.35359344
2023-04-21,binance,95040.9952132
2023-04-21,okx,27333.31
2023-04-22,binance,98310.00280129
2023-04-23,binance,96035.46588598
2023-04-23,bitfinex,8621.82234833
2023-04-24,binance,100899.7031002
2023-04-24,okx,26333.31
2023-04-25,binance,102842.31985517
2023-04-25,bitfinex,-4148.443364
2023-04-25,okx,26185.31
2023-04-26,binance,104255.14047189
2023-04-26,bitfinex,5851.65708199
2023-04-27,binance,-6306.21451376
2023-04-28,binance,-6967.71294528
2023-04-29,binance,-5169.40859498
2023-04-29,bitfinex,-2507.96878734
2023-04-29,okx,26536.31
2023-04-30,binance,-5774.40964607
2023-04-30,bitfinex,-2286.74995734
2023-05-01,binance,-3070.42107074
2023-05-01,bitfinex,-1579.19155734
2023-05-02,binance,106724.08240876
2023-05-02,okx,25536.31
2023-05-03,binance,-20804.12057492
2023-05-03,bitfinex,-1527.51052734
2023-05-03,okx,25338.31
2023-05-04,binance,-19375.72252382
2023-05-04,okx,26339.31
2023-05-05,binance,-27243.93837212
2023-05-05,bitfinex,-1364.25693734
2023-05-06,binance,-31673.4911653
2023-05-07,binance,43981.95947294
2023-05-07,bitfinex,-3414.262911
2023-05-07,okx,26840.31
2023-05-08,binance,31461.9439096
2023-05-08,okx,27341.31
2023-05-09,binance,27426.98255993
2023-05-10,binance,21626.95027014
2023-05-11,binance,-14778.85280365
2023-05-11,okx,27341.3
2023-05-12,binance,-11820.30189014
2023-05-12,bitfinex,6686.62200471
2023-05-12,okx,26841.3
2023-05-13,binance,-14933.35429671
2023-05-13,bitfinex,6790.09742017
2023-05-14,binance,-1141.36134183
2023-05-14,bitfinex,6897.75568563
2023-05-15,binance,-2885.55724831
2023-05-15,bitfinex,-2833.236901
2023-05-16,binance,-3338.13286958
2023-05-16,bitfinex,-2458.895401
2023-05-17,binance,-656.77274206
2023-05-17,bitfinex,-1776.570861
2023-05-17,okx,26491.3
2023-05-18,binance,1786.04312562
2023-05-18,bitfinex,-1257.336871
2023-05-19,binance,2386.62020943
2023-05-19,bitfinex,-1047.214071
2023-05-20,binance,2298.13068971
2023-05-21,binance,2796.69261725
2023-05-22,binance,3042.21468974
2023-05-22,bitfinex,-827.116561
2023-05-23,binance,3804.36761944
2023-05-23,bitfinex,-721.101301
2023-05-24,binance,4980.56203627
2023-05-25,binance,42112.18061458
2023-05-25,bitfinex,9278.99917895
2023-05-25,okx,29494.3
2023-05-26,binance,7881.56191198
2023-05-26,bitfinex,-4721.103094
2023-05-26,okx,29346.3
2023-05-27,binance,8016.51840334
2023-05-28,binance,9299.86526326
2023-05-28,bitfinex,-4525.541204
2023-05-29,binance,9031.95918529
2023-05-30,binance,6952.97325258
2023-05-31,binance,9906.00414858
2023-06-01,binance,12992.87417335
2023-06-02,binance,14222.56009656
2023-06-02,bitfinex,-4296.141654
2023-06-03,binance,17133.2732465
2023-06-03,bitfinex,-3976.924584
2023-06-04,binance,20378.08447513
2023-06-05,binance,12236.2322502
2023-06-05,bitfinex,-3612.638284
2023-06-06,binance,10050.21589474
2023-06-06,bitfinex,-3150.543344
2023-06-06,okx,29847.3
2023-06-07,binance,-2632.67159577
2023-06-07,okx,30349.3
2023-06-08,binance,-4684.26421156
2023-06-08,bitfinex,-3010.154964
2023-06-09,binance,-2288.02005707
2023-06-09,okx,29849.3
2023-06-10,binance,-6228.89235032
2023-06-11,binance,-9537.83041911
2023-06-11,bitfinex,-2903.23344854
2023-06-12,binance,-9998.34510301
2023-06-12,bitfinex,-2798.32892854
2023-06-13,binance,-10060.80323163
2023-06-14,binance,26363.79718694
2023-06-15,binance,-11912.67380377
2023-06-16,binance,-18606.43186249
2023-06-16,bitfinex,-52.41160535
2023-06-17,binance,17548.86742879
2023-06-18,binance,2131.67425856
2023-06-18,bitfinex,-2798.32872854
2023-06-19,binance,1472.44946092
2023-06-19,bitfinex,10000.10060329
2023-06-20,binance,-1402.84299126
2023-06-21,binance,-107.07991906
2023-06-21,okx,30200.3
2023-06-22,binance,-2439.79117862
2023-06-22,bitfinex,-6798.329699
2023-06-22,okx,31201.3
2023-06-23,binance,-1820.62075748
2023-06-24,binance,-1282.85316805
2023-06-24,okx,31551.3
2023-06-25,binance,1603.10265052
2023-06-26,binance,2954.48747771
2023-06-27,binance,3234.46204971
2023-06-28,binance,888.44289228
2023-06-29,binance,2691.09804125
2023-06-30,binance,5951.1826452
2023-06-30,bitfinex,-9798.329771
2023-07-01,binance,6788.04042215
2023-07-01,bitfinex,-7239.120431
2023-07-02,binance,5357.74695275
2023-07-02,bitfinex,-6134.691615
2023-07-03,binance,-879.38871836
2023-07-03,bitfinex,-5996.405245
2023-07-04,binance,4251.46605588
2023-07-05,binance,5338.01653067
2023-07-06,binance,3613.25405251
2023-07-07,binance,615.20672866
2023-07-08,binance,752.15121105
2023-07-08,bitfinex,-3946.40586943
2023-07-09,binance,-1733.83190249
2023-07-09,bitfinex,10000.10066639
2023-07-10,binance,185.65614137
2023-07-11,binance,-893.49531171
2023-07-11,okx,32052.3
2023-07-12,binance,-1450.15816717
2023-07-13,binance,-1529.19449977
2023-07-13,bitfinex,-3026.26571943
2023-07-14,binance,-2160.20186944
2023-07-14,bitfinex,-2436.11262943
2023-07-15,binance,-4378.2519322
2023-07-16,binance,-4266.05969646
2023-07-17,binance,-5445.12559511
2023-07-18,binance,-5739.9054908
2023-07-18,bitfinex,-2310.34306943
2023-07-19,binance,-5631.28089165
2023-07-19,bitfinex,-2142.26894943
2023-07-20,binance,-7800.14229593
2023-07-20,bitfinex,-1856.99757943
2023-07-21,binance,-6333.71322515
2023-07-21,bitfinex,-1503.48698443
2023-07-22,binance,-6246.63813705
2023-07-22,bitfinex,-1399.94404443
2023-07-23,binance,-7627.25179085
2023-07-23,bitfinex,-1294.14147443
2023-07-24,binance,-2902.17889598
2023-07-24,bitfinex,-3794.143714
2023-07-25,binance,-1351.90618825
2023-07-26,binance,-968.40612365
2023-07-27,binance,5642.61194448
2023-07-28,binance,7216.44083592
2023-07-29,binance,6984.65726855
2023-07-30,binance,6570.59718503
2023-07-31,binance,7761.12579804
2023-08-01,binance,10638.95129033
2023-08-01,bitfinex,-1216.814264
2023-08-02,binance,10419.28830989
2023-08-02,bitfinex,-52.88668504
2023-08-02,okx,31202.3
2023-08-03,binance,8316.08905746
2023-08-03,okx,31553.3
2023-08-04,binance,8066.31729727
2023-08-05,binance,11505.94420681
2023-08-06,binance,9459.29897101
2023-08-07,binance,9897.08016801
2023-08-07,okx,32404.3
2023-08-08,binance,9692.860465
2023-08-08,okx,32755.3
2023-08-09,binance,9803.2776898
2023-08-10,binance,10690.13503977
2023-08-11,binance,10119.32964693
2023-08-12,binance,11801.22324832
2023-08-13,binance,11850.5302818
2023-08-14,binance,15199.4384144
2023-08-15,binance,15555.35876022
2023-08-16,binance,19185.54663586
2023-08-17,binance,20247.01029525
2023-08-17,okx,32405.3
2023-08-18,binance,20334.28499506
2023-08-19,binance,18385.1529973
2023-08-19,okx,30905.3
2023-08-20,binance,16300.8386067
2023-08-20,bitfinex,-800.461884
2023-08-21,binance,11869.91728496
2023-08-21,bitfinex,-385.679694
2023-08-22,binance,10897.20382567
2023-08-22,okx,31906.3
2023-08-23,binance,7336.73838139
2023-08-23,okx,30909.3
2023-08-24,binance,8707.80768188
2023-08-24,bitfinex,-4385.679879
2023-08-25,binance,6863.74140284
2023-08-26,binance,9613.0612311
2023-08-27,binance,9798.23598762
2023-08-28,binance,8938.40155684
2023-08-28,bitfinex,-3945.038969
2023-08-29,binance,2947.76501925
2023-08-30,binance,778.00886354
2023-08-30,okx,31260.3
2023-08-31,binance,4258.5603046
2023-09-01,binance,10141.65164687
2023-09-01,bitfinex,-2586.966009
2023-09-02,binance,9962.53806905
2023-09-03,binance,7921.11757294
2023-09-04,binance,4884.45127677
2023-09-05,binance,6795.16579938
2023-09-06,binance,5818.16090481
2023-09-07,binance,5905.8885361
2023-09-08,binance,1487.53161052
2023-09-08,bitfinex,-1552.88668504
2023-09-09,binance,827.26202516
2023-09-10,binance,-68.75977202
2023-09-11,binance,3406.25577923
2023-09-12,binance,1625.45242447
2023-09-13,binance,1188.52109674
2023-09-14,binance,151.46346332
2023-09-15,binance,-1427.08102643
2023-09-16,binance,-1492.99560297
2023-09-17,binance,-2288.86090896
2023-09-18,binance,-4824.88118094
2023-09-18,bitfinex,-1853.539059
2023-09-19,binance,-5966.34323125
2023-09-20,binance,-5432.08278703
2023-09-20,bitfinex,-4853.539449
2023-09-21,binance,-5605.29126721
2023-09-22,binance,-1227.84512824
2023-09-23,binance,-1577.81078201
2023-09-24,binance,-22839.67323581
2023-09-25,binance,-22132.02808412
2023-09-26,binance,-20227.55385617
2023-09-26,okx,31260.298
2023-09-27,binance,-19613.07517085
2023-09-27,bitfinex,-4162.997649
2023-09-28,binance,-19602.5534133
2023-09-28,bitfinex,-4042.779269
2023-09-29,binance,-22270.99269692
2023-09-30,binance,-20819.52311517
2023-09-30,bitfinex,-5543.177891
2023-10-01,binance,-22428.71732918
2023-10-01,bitfinex,-3535.584231
2023-10-02,binance,-357.75662074
2023-10-02,bitfinex,-13618.21792404
2023-10-02,okx,30760.298006
2023-10-03,binance,-21860.75562589
2023-10-03,bitfinex,10000.10166639
2023-10-04,binance,-25241.98997669
2023-10-04,bitfinex,-2561.376071
2023-10-05,binance,-23509.63389087
2023-10-05,bitfinex,7545.88265085
2023-10-06,binance,-24647.72764125
2023-10-06,okx,31111.298006
2023-10-07,binance,-23037.66653551
2023-10-08,binance,-23771.76041648
2023-10-09,binance,-21658.54817884
2023-10-09,bitfinex,-1711.940311
2023-10-10,binance,-22124.74545366
2023-10-10,bitfinex,-144.148011
2023-10-11,binance,-16213.80309021
2023-10-11,bitfinex,557.350569
2023-10-12,binance,-11437.64871514
2023-10-12,bitfinex,1036.691539
2023-10-13,binance,-11346.59726191
2023-10-13,bitfinex,1246.057799
2023-10-13,okx,31462.298006
2023-10-14,binance,-12927.92437307
2023-10-14,bitfinex,1416.071939
2023-10-15,binance,-13064.953903
2023-10-15,bitfinex,1416.071945
2023-10-16,binance,-17076.67437537
2023-10-17,binance,-20539.40598442
2023-10-18,binance,-19916.5687779
2023-10-19,binance,-27603.78511344
2023-10-20,binance,-22542.509804
2023-10-21,binance,-20515.33936791
2023-10-22,binance,-20072.93270948
2023-10-22,okx,32164.298006
2023-10-23,binance,-23273.00666426
2023-10-24,binance,-13117.29788095
2023-10-24,bitfinex,-3894.642909
2023-10-24,okx,33016.298006
2023-10-25,binance,-12616.53017369
2023-10-25,okx,33868.298006
2023-10-26,binance,-13019.19352793
2023-10-26,bitfinex,-6164.591587
2023-10-26,okx,34720.298006
2023-10-27,binance,-16386.23993298
2023-10-27,bitfinex,-5809.628567
2023-10-27,okx,34069.298006
2023-10-28,binance,8220.03344241
2023-10-28,bitfinex,-5507.813567
2023-10-29,binance,-23217.87361922
2023-10-29,bitfinex,-5262.055457
2023-10-30,binance,-22741.75505915
2023-10-30,bitfinex,-5156.939977
2023-10-31,binance,-23132.26945605
2023-10-31,bitfinex,-5052.096547
2023-10-31,okx,34420.298006
2023-11-01,binance,-24073.61736132
2023-11-02,binance,-23557.70586886
2023-11-03,binance,1599.92606936
2023-11-03,bitfinex,10264.52171285
2023-11-03,okx,34070.298006
2023-11-04,binance,-21981.47542102
2023-11-04,bitfinex,-11410.508199
2023-11-05,binance,-21350.48049363
2023-11-05,bitfinex,-11310.396259
2023-11-06,binance,-20219.92016657
2023-11-07,binance,-26305.16269427
2023-11-07,bitfinex,-7412.758099
2023-11-08,binance,-26943.85982773
2023-11-08,bitfinex,-8912.759604
2023-11-09,binance,-23012.34586334
2023-11-09,bitfinex,-10912.760312
2023-11-10,binance,-3417.56555399
2023-11-10,bitfinex,-5263.115532
2023-11-11,binance,-1132.49754582
2023-11-11,bitfinex,-906.591822
2023-11-11,okx,33640.298006
2023-11-12,binance,-1289.03009012
2023-11-12,bitfinex,-1502.88667904
2023-11-13,binance,-2705.2685023
2023-11-13,bitfinex,-1790.33484104
2023-11-13,okx,32690.298006
2023-11-14,binance,-1677.78706013
2023-11-14,bitfinex,1900.887143
2023-11-14,okx,32740.298006
2023-11-15,binance,-4549.28423082
2023-11-15,bitfinex,2566.660403
2023-11-15,okx,32942.298006
2023-11-16,binance,-5652.46020967
2023-11-17,binance,-2152.01200967
2023-11-17,bitfinex,25168.6380637
2023-11-17,okx,32942.29801485
2023-11-18,binance,-1604.40452062
2023-11-19,binance,-2456.59704908
2023-11-20,binance,-4974.09866409
2023-11-20,bitfinex,-624.980528
2023-11-20,okx,33293.29801485
2023-11-21,binance,-7676.54399331
2023-11-21,bitfinex,22000.10173489
2023-11-21,okx,33144.29801485
2023-11-22,binance,-12721.90361336
2023-11-22,bitfinex,-2607.82664
2023-11-22,okx,31995.29801485
2023-11-23,binance,-13650.46276723
2023-11-23,bitfinex,-3068.443391
2023-11-23,okx,32997.29801485
2023-11-24,binance,-18130.29064299
2023-11-24,bitfinex,-5068.443747
2023-11-25,binance,-18859.50123989
2023-11-25,bitfinex,-4924.328047
2023-11-26,binance,-19916.37520976
2023-11-27,binance,-19257.7702037
2023-11-27,okx,33197.29801485
2023-11-28,binance,-24585.08278041
2023-11-28,bitfinex,-7184.332804
2023-11-28,okx,32847.29801485
2023-11-29,binance,-20891.03308843
2023-11-29,okx,32947.29801485
2023-11-30,binance,-20183.74250855
2023-11-30,bitfinex,-6725.992254
2023-11-30,okx,33133.29801485
2023-12-01,binance,-23047.23841573
2023-12-01,bitfinex,-5503.134754
2023-12-01,okx,33281.29801485
2023-12-02,binance,-23140.46379008
2023-12-02,bitfinex,-742.88667904
2023-12-02,okx,33393.29801485
2023-12-03,binance,-23299.08929213
2023-12-03,okx,33419.29801485
2023-12-04,binance,-20062.50402744
2023-12-04,bitfinex,-10746.5020017
2023-12-04,okx,33489.29801485
2023-12-05,binance,-26221.76937542
2023-12-05,bitfinex,-6601.885534
2023-12-05,okx,33557.29801485
2023-12-06,binance,-17222.71727041
2023-12-06,bitfinex,-4951.708024
2023-12-06,okx,33563.29801485
2023-12-07,binance,-14318.14906121
2023-12-07,bitfinex,-4161.6209717
2023-12-07,okx,34413.29801485
2023-12-08,binance,-15110.98405579
2023-12-08,bitfinex,1165.7583183
2023-12-09,binance,-12001.34315152
2023-12-09,bitfinex,906.6336923
2023-12-10,binance,-10182.08099948
2023-12-11,binance,-2937.51531197
2023-12-11,bitfinex,3159.2560773
2023-12-12,binance,23972.67549112
2023-12-12,bitfinex,4384.1317373
2023-12-12,okx,33713.29801485
2023-12-13,binance,-14263.38858837
2023-12-13,bitfinex,2082.649535
2023-12-14,binance,-15995.13202527
2023-12-14,bitfinex,2220.252355
2023-12-15,binance,-18155.46788421
2023-12-15,bitfinex,2963.313815
2023-12-16,binance,-19002.14842293
2023-12-16,bitfinex,25079.42996089
2023-12-17,binance,-14276.87622861
2023-12-17,bitfinex,-16559.156114
2023-12-18,binance,-15174.77812998
2023-12-19,binance,-18514.93739828
2023-12-20,binance,-15984.99687014
2023-12-20,bitfinex,-18559.160156
2023-12-21,binance,-17990.49838169
2023-12-21,bitfinex,-18565.088961
2023-12-22,binance,-22179.49297332
2023-12-22,bitfinex,-10963.291831
2023-12-23,binance,-24640.50116239
2023-12-23,bitfinex,-10115.503601
2023-12-24,binance,-26412.36927449
2023-12-24,bitfinex,-9940.945491
2023-12-25,binance,-15376.6099057
2023-12-25,okx,33363.29801485
2023-12-26,binance,-17485.72595827
2023-12-27,binance,-22379.81464611
2023-12-28,binance,-24723.05299456
2023-12-28,bitfinex,-9705.297521
2023-12-28,okx,32863.29801485
2023-12-29,binance,-21138.44123326
2023-12-29,bitfinex,-8668.727141
2023-12-30,binance,29089.4765141
2023-12-30,bitfinex,-8316.074041
2023-12-31,binance,37324.30849935
2023-12-31,bitfinex,-17619.189413
2024-01-01,binance,-18331.64709263
2024-01-02,binance,-17132.071899
2024-01-02,okx,32363.29801485
2024-01-03,binance,-12950.08741778
2024-01-03,bitfinex,-19119.190027
2024-01-04,binance,-11209.79852307
2024-01-04,bitfinex,25122.55429855
2024-01-04,okx,32013.29801485
2024-01-05,binance,-11301.79253099
2024-01-05,bitfinex,-11885.703397
2024-01-06,binance,44546.65009806
2024-01-06,bitfinex,36000.08768545
2024-01-07,binance,-16793.07720418
2024-01-08,binance,-15646.57748257
2024-01-08,bitfinex,-13885.705542
2024-01-09,binance,-17833.69251573
2024-01-09,bitfinex,19402.75766291
2024-01-09,okx,32364.29801485
2024-01-10,binance,46129.21446753
2024-01-10,bitfinex,20809.33116837
2024-01-10,okx,32715.29802031
2024-01-11,binance,-9952.45159787
2024-01-11,bitfinex,-15944.251621
2024-01-11,okx,32715.29802577
2024-01-12,binance,57640.42845149
2024-01-12,bitfinex,-13790.997131
2024-01-12,okx,32717.29802577
2024-01-13,binance,-13851.07751825
2024-01-13,bitfinex,-13556.331461
2024-01-13,okx,33719.29802577
2024-01-14,binance,-14924.48249541
2024-01-14,bitfinex,-12994.052291
2024-01-15,binance,-12121.09883186
2024-01-15,bitfinex,-12498.000591
2024-01-16,binance,-15140.32178397
2024-01-16,bitfinex,-11956.778251
2024-01-17,binance,-14301.55951139
2024-01-17,bitfinex,-11226.802181
2024-01-17,okx,32869.29802577
2024-01-18,binance,54546.79479934
2024-01-18,bitfinex,25681.01858683
2024-01-18,okx,32869.29803123
2024-01-19,binance,-11925.24663809
2024-01-19,bitfinex,-9051.160915
2024-01-20,binance,-12586.63479366
2024-01-20,bitfinex,-7692.941085
2024-01-20,okx,32519.29803123
2024-01-21,binance,-15734.23857397
2024-01-21,bitfinex,-7134.398565
2024-01-22,binance,54785.13323646
2024-01-22,bitfinex,29935.70695793
2024-01-23,binance,-13484.17177868
2024-01-23,bitfinex,-5280.198175
2024-01-23,okx,32019.29803123
2024-01-24,binance,-13069.71590863
2024-01-24,bitfinex,-2337.30691428
2024-01-25,binance,58277.93019434
2024-01-25,bitfinex,32440.15925339
2024-01-26,binance,55803.16216565
2024-01-26,bitfinex,-3238.358265
2024-01-26,okx,32019.29803669
2024-01-27,binance,-18762.92604697
2024-01-28,binance,-20673.31188858
2024-01-29,binance,-17466.55536595
2024-01-30,binance,-23451.95881959
2024-01-30,okx,32370.29803669
2024-01-31,binance,-17615.06160642
2024-01-31,okx,32871.29803669
2024-02-01,binance,-16011.12306858
2024-02-02,binance,-16866.69287744
2024-02-03,binance,-16777.5273634
2024-02-04,binance,-15235.25928913
2024-02-04,bitfinex,-3122.695205
2024-02-05,binance,-12457.93781591
2024-02-05,bitfinex,-2791.243115
2024-02-06,binance,-13051.40612198
2024-02-06,bitfinex,-609.559245
2024-02-07,binance,-17781.6830713
2024-02-07,bitfinex,-283.712405
2024-02-08,binance,-23575.31920469
2024-02-08,bitfinex,168.958785
2024-02-09,binance,45594.56393159
2024-02-09,bitfinex,388.927845
2024-02-10,binance,-23470.92118179
2024-02-10,okx,31871.29803669
2024-02-11,binance,-19402.7499332
2024-02-12,binance,49646.83058704
2024-02-12,bitfinex,1322.765945
2024-02-13,binance,-25794.31719818
2024-02-13,bitfinex,38630.52896879
2024-02-13,okx,32573.29803669
2024-02-14,binance,-20841.47191651
2024-02-14,bitfinex,5730.803925
2024-02-14,okx,32924.29803669
2024-02-15,binance,41460.93907684
2024-02-16,binance,-24220.17384807
2024-02-17,binance,-23877.6600485
2024-02-18,binance,-23043.50393145
2024-02-18,bitfinex,36000.08921925
2024-02-19,binance,-25421.38745868
2024-02-20,binance,39496.12364106
2024-02-21,binance,-19660.08281384
2024-02-21,bitfinex,3969.681661
2024-02-22,binance,41542.95020999
2024-02-22,bitfinex,4347.680461
2024-02-23,binance,-19158.52011883
2024-02-23,bitfinex,4660.020421
2024-02-24,binance,-19303.33076338
2024-02-24,bitfinex,4868.891631
2024-02-25,binance,-20782.88357011
2024-02-25,bitfinex,5902.545461
2024-02-26,binance,33588.25359673
2024-02-26,bitfinex,6176.274551
2024-02-27,binance,-16148.21932428
2024-02-27,bitfinex,-135.219308
2024-02-27,okx,33275.29803669
2024-02-28,binance,-15142.0269784
2024-02-28,bitfinex,1864.76059511
2024-02-28,okx,33776.29803669
2024-02-29,binance,-15039.85592101
2024-02-29,bitfinex,33211.63553925
2024-02-29,okx,34628.29803669
2024-03-01,binance,-19836.67279018
2024-03-01,bitfinex,34602.29245301
2024-03-01,okx,33628.29803669
2024-03-02,binance,-17426.0721254
2024-03-02,bitfinex,36000.08930728
2024-03-02,okx,35130.29803669
2024-03-03,binance,-17622.60390808
2024-03-03,okx,36482.29803669
2024-03-04,binance,-20963.55436206
2024-03-04,bitfinex,-17895.858691
2024-03-04,okx,37334.29803669
2024-03-05,binance,-13551.42642501
2024-03-05,okx,40839.29803669
2024-03-06,binance,43608.3061973
2024-03-06,bitfinex,2755.65584411
2024-03-06,okx,43543.29803669
2024-03-07,binance,-10930.92507524
2024-03-07,bitfinex,3005.65584411
2024-03-07,okx,45396.29803669
2024-03-08,binance,41547.66261731
2024-03-08,bitfinex,3505.65584411
2024-03-09,binance,40815.75936466
2024-03-09,bitfinex,-5840.20293189
2024-03-09,okx,46248.29803669
2024-03-10,binance,-14921.6457576
2024-03-10,bitfinex,4055.65584411
2024-03-11,binance,46552.83388651
2024-03-11,bitfinex,26009.88622085
2024-03-12,binance,-6765.6189513
2024-03-12,bitfinex,-13361.37458689
2024-03-12,okx,46749.29803669
2024-03-13,binance,46280.27341694
2024-03-13,bitfinex,19206.88411194
2024-03-13,okx,49252.29804215
2024-03-14,binance,44121.57923363
2024-03-14,bitfinex,-12138.58747143
2024-03-14,okx,50253.29804761
2024-03-15,binance,39949.52689974
2024-03-15,bitfinex,30755.74417432
2024-03-16,binance,-19729.28294609
2024-03-16,bitfinex,4855.65584957
2024-03-17,binance,-19111.45843476
2024-03-17,bitfinex,-17994.2434
2024-03-18,binance,-20470.6115729
2024-03-18,bitfinex,-12338.58754443
2024-03-19,binance,-14950.76346143
2024-03-19,bitfinex,-16177.549774
2024-03-19,okx,49253.29804761
2024-03-20,binance,-16948.41635524
2024-03-20,bitfinex,-14439.039394
2024-03-20,okx,48753.29804761
2024-03-21,binance,45705.87620857
2024-03-21,bitfinex,-16171.972117
2024-03-22,binance,41139.03190031
2024-03-22,bitfinex,26000.08833021
2024-03-22,okx,47753.29804761
2024-03-23,binance,-19334.98516793
2024-03-23,bitfinex,26000.08836157
2024-03-23,okx,47753.29805307
2024-03-24,binance,-19717.6848846
2024-03-24,bitfinex,26000.08836703
2024-03-25,binance,39536.08078898
2024-03-25,bitfinex,14283.77207752
2024-03-25,okx,47753.29805853
2024-03-26,binance,-18227.54771535
2024-03-26,bitfinex,5372.01337883
2024-03-26,okx,49106.29805853
2024-03-27,binance,-16292.08704816
2024-03-27,bitfinex,16000.08785862
2024-03-27,okx,49457.29805853
2024-03-28,binance,-16214.67970591
2024-03-28,bitfinex,-4362.01125597
2024-03-28,okx,48607.29805853
2024-03-29,binance,-14855.31988823
2024-03-30,binance,-15790.91458378
2024-03-30,bitfinex,-9801.273911
2024-03-31,binance,-13473.32818404
2024-03-31,bitfinex,-17525.179538
2024-04-01,binance,-15144.95772835
2024-04-01,bitfinex,252.73655383
2024-04-02,binance,42704.94611535
2024-04-02,bitfinex,12000.08844291
2024-04-02,okx,48607.29806399
2024-04-03,binance,-21658.42553746
2024-04-03,bitfinex,-15247.351193
2024-04-03,okx,49108.29806945
2024-04-04,binance,-23577.42332484
2024-04-04,bitfinex,-13973.878833
2024-04-05,binance,-28366.39365605
2024-04-05,bitfinex,-13188.327503
2024-04-06,binance,30840.81207642
2024-04-07,binance,-19887.32522292
2024-04-08,binance,36800.8582027
2024-04-08,bitfinex,-6873.11407501
2024-04-09,binance,-15439.2026185
2024-04-09,bitfinex,-16627.486537
2024-04-10,binance,-15856.41321284
2024-04-11,binance,-16544.1289398
2024-04-12,binance,-13194.13038257
2024-04-12,bitfinex,-16269.274367
2024-04-12,okx,48758.29806945
2024-04-13,binance,41106.63413235
2024-04-14,binance,-10138.09726592
2024-04-14,bitfinex,-15695.979997
2024-04-15,binance,41967.74613337
2024-04-15,okx,48258.29806945
2024-04-16,binance,-9271.94992641
2024-04-17,binance,40381.3170023
2024-04-17,bitfinex,-11441.61041755
2024-04-18,binance,56159.86503179
2024-04-18,bitfinex,-17090.510291
2024-04-19,binance,-16044.6892349
2024-04-19,bitfinex,12000.08844837
2024-04-20,binance,-16716.71772637
2024-04-20,bitfinex,12000.08847501
2024-04-21,binance,-17167.13661077
2024-04-22,binance,-21121.20073625
2024-04-23,binance,-23559.42599967
2024-04-24,binance,58822.59230723
2024-04-24,bitfinex,5754.37110437
2024-04-24,okx,48258.29807491
2024-04-25,binance,57721.01427971
2024-04-25,okx,48258.29808583
2024-04-26,binance,54292.25539091
2024-04-26,bitfinex,5754.37110983
2024-04-27,binance,57510.48083559
2024-04-27,bitfinex,12000.08848047
2024-04-27,okx,48258.29809129
2024-04-28,binance,-13375.06042716
2024-04-28,bitfinex,-16675.832501
2024-04-28,okx,48258.29810129
2024-04-29,binance,58990.68185006
2024-04-29,bitfinex,-9623.16574577
2024-04-29,okx,48258.29811221
2024-04-30,binance,-9567.80392203
2024-04-30,bitfinex,-14515.813111
2024-05-01,binance,-9950.49086453
2024-05-01,bitfinex,-8620.92778577
2024-05-02,binance,64284.93277505
2024-05-02,bitfinex,-11916.062231
2024-05-03,binance,-20057.07723154
2024-05-03,bitfinex,6173.64724536
2024-05-04,binance,-21915.08970717
2024-05-04,okx,48759.29811221
2024-05-05,binance,-20686.45143099
2024-05-05,bitfinex,-10358.649751
2024-05-06,binance,-21804.20791649
2024-05-06,bitfinex,-10079.994461
2024-05-07,binance,-21094.14545211
2024-05-07,bitfinex,-9950.314231
2024-05-08,binance,-21341.76514845
2024-05-08,bitfinex,12000.08860822
2024-05-09,binance,-24984.4074231
2024-05-09,bitfinex,-9269.476261
2024-05-10,binance,-21250.50016108
2024-05-10,okx,48758.88811221
2024-05-11,binance,-23187.69281224
2024-05-12,binance,61016.36221378
2024-05-12,bitfinex,12000.08861368
2024-05-12,okx,48758.88811767
2024-05-13,binance,62056.04989445
2024-05-14,binance,-19418.7394801
2024-05-14,bitfinex,4253.69771589
2024-05-15,binance,-28094.01153133
2024-05-15,bitfinex,12000.08864368
2024-05-16,binance,-26291.95462568
2024-05-16,bitfinex,-19699.47624954
2024-05-17,binance,-22629.71503267
2024-05-17,okx,48759.88811767
2024-05-18,binance,-22725.78282933
2024-05-18,okx,48259.88811767
2024-05-19,binance,-22055.81645891
2024-05-20,binance,-24641.92363075
2024-05-20,okx,47759.88811767
2024-05-21,binance,-17220.7408485
2024-05-21,bitfinex,-2981.28954965
2024-05-22,binance,-22446.44851005
2024-05-22,bitfinex,11440.20961949
2024-05-22,okx,46759.88811767
2024-05-23,binance,-17355.78167833
2024-05-23,bitfinex,-2647.45783554
2024-05-24,binance,64019.72666885
2024-05-24,bitfinex,-11826.45748954
2024-05-24,okx,46259.88811767
2024-05-25,binance,64130.37265109
2024-05-25,bitfinex,35.71769446
2024-05-26,binance,-18938.48540168
2024-05-26,bitfinex,569.68172446
2024-05-27,binance,-19010.1917609
2024-05-27,bitfinex,1676.67524446
2024-05-28,binance,-17965.58423492
2024-05-28,bitfinex,2092.82364446
2024-05-29,binance,-14253.5682333
2024-05-29,bitfinex,2244.71280446
2024-05-29,okx,44709.88811767
2024-05-30,binance,-18278.76909656
2024-05-30,bitfinex,12000.08874914
2024-05-30,okx,44860.88811767
2024-05-31,binance,-17449.68890972
2024-06-01,binance,-14698.97203767
2024-06-01,bitfinex,5303.69771589
2024-06-01,okx,44360.88811767
2024-06-02,binance,-15939.02040242
2024-06-03,binance,-17822.7457683
2024-06-03,bitfinex,7914.61130035
2024-06-04,binance,-21153.24441814
2024-06-04,bitfinex,8018.24679483
2024-06-04,okx,44010.88811767
2024-06-05,binance,-25339.700271
2024-06-05,okx,43010.88811767
2024-06-06,binance,-21794.14263817
2024-06-07,binance,-27234.44837051
2024-06-08,binance,-18126.85429741
2024-06-09,binance,-16926.03428266
2024-06-10,binance,-15884.49974546
2024-06-11,binance,-14562.47593019
2024-06-12,binance,68140.04567984
2024-06-13,binance,-16113.08384571
2024-06-14,binance,-13494.88780286
2024-06-15,binance,-11695.61499697
2024-06-15,okx,42660.88811767
2024-06-16,binance,-13681.14106402
2024-06-16,bitfinex,2914.43666446
2024-06-17,binance,-11838.94146522
2024-06-17,bitfinex,3800.39066446
2024-06-18,binance,-10369.37607256
2024-06-18,bitfinex,-6775.46339954
2024-06-19,binance,-14110.9589686
2024-06-19,bitfinex,4634.92688446
2024-06-20,binance,-13064.46867732
2024-06-20,bitfinex,5053.99193446
2024-06-20,okx,42160.88811767
2024-06-21,binance,-14240.52100926
2024-06-21,bitfinex,53.982038
2024-06-22,binance,-11825.52303795
2024-06-23,binance,-11757.23719478
2024-06-24,binance,-5810.96004218
2024-06-24,bitfinex,5053.13424037
2024-06-25,binance,-6799.34168673
2024-06-26,binance,-3471.62071658
2024-06-27,binance,82704.80645128
2024-06-28,binance,-11487.69177202
2024-06-28,bitfinex,318.207488
2024-06-29,binance,87073.01029429
2024-06-29,bitfinex,737.975408
2024-06-30,binance,-16694.46911173
2024-07-01,binance,-15912.91641149
2024-07-02,binance,91100.48121317
2024-07-03,binance,-11566.13032671
2024-07-04,binance,96793.57129676
2024-07-05,binance,93141.16146322
2024-07-05,bitfinex,9107.47862837
2024-07-06,binance,91829.64451071
2024-07-06,bitfinex,5305.03625346
2024-07-07,binance,-19993.40527885
2024-07-07,bitfinex,5405.69737346
2024-07-08,binance,95178.60052929
2024-07-08,bitfinex,22845.79603973
2024-07-09,binance,96984.2033728
2024-07-09,bitfinex,7300.14746892
2024-07-10,binance,-15504.97985175
2024-07-10,bitfinex,7613.16098892
2024-07-11,binance,-12458.8513083
2024-07-11,bitfinex,7865.75765892
2024-07-12,binance,98790.22329191
2024-07-12,bitfinex,7994.13292892
2024-07-13,binance,-21120.57816804
2024-07-13,bitfinex,12000.0887646
2024-07-14,binance,-19850.36140808
2024-07-14,bitfinex,8204.24352892
2024-07-15,binance,-24373.8198432
2024-07-15,bitfinex,8306.47652892
2024-07-16,binance,-21753.12788612
2024-07-16,bitfinex,9076.27550892
2024-07-17,binance,-20228.68008589
2024-07-17,bitfinex,9076.27565568
2024-07-17,okx,42160.90041767
2024-07-18,binance,-20705.43970638
2024-07-19,binance,-25247.01313204
2024-07-20,binance,-22092.59483653
2024-07-21,binance,-25467.0105395
2024-07-22,binance,-24038.36660294
2024-07-23,binance,98119.2704889
2024-07-23,bitfinex,12000.08877007
2024-07-23,okx,42511.90042314
2024-07-24,binance,-17024.17571872
2024-07-25,binance,110906.07213287
2024-07-26,binance,-24408.44892036
2024-07-26,bitfinex,12000.08877553
2024-07-27,binance,-24317.14344699
2024-07-28,binance,-23881.73507527
2024-07-29,binance,106388.93276511
2024-07-29,bitfinex,19504.36200673
2024-07-29,okx,42011.90042314
2024-07-30,binance,-19429.41280114
2024-07-30,bitfinex,12000.08894565
2024-07-31,binance,-20113.91865853
2024-07-31,bitfinex,19504.36204495
2024-07-31,okx,42011.9004659
2024-08-01,binance,-17516.8178779
2024-08-01,bitfinex,15146.51962157
2024-08-02,binance,-15441.14014788
2024-08-02,bitfinex,12000.08895987
2024-08-02,okx,42011.90048228
2024-08-03,binance,-13999.9938715
2024-08-03,bitfinex,12000.08897079
2024-08-04,binance,-13603.3413591
2024-08-04,bitfinex,12000.08898171
2024-08-05,binance,-9680.15366369
2024-08-05,bitfinex,3552.52898621
2024-08-05,okx,41511.90048228
2024-08-06,binance,-12160.47464906
2024-08-07,binance,-12175.0260487
2024-08-08,binance,-11607.59805932
2024-08-09,binance,119742.39601769
2024-08-09,okx,41161.90048228
2024-08-10,binance,-20702.13247021
2024-08-10,okx,41662.90048228
2024-08-11,binance,-21027.02593567
2024-08-11,bitfinex,12000.08898717
2024-08-11,okx,41662.90048774
2024-08-12,binance,-17741.93190101
2024-08-13,binance,-19587.70231465
2024-08-13,bitfinex,12000.08899263
2024-08-14,binance,-20980.55573476
2024-08-14,bitfinex,12000.08899809
2024-08-15,binance,-25698.84734605
2024-08-16,binance,116062.77787586
2024-08-16,bitfinex,12000.08901231
2024-08-17,binance,-22210.91361554
2024-08-17,bitfinex,12000.08901777
2024-08-18,binance,119483.02262325
2024-08-18,bitfinex,12000.08903745
2024-08-18,okx,41662.90049321
2024-08-19,binance,-21815.42354664
2024-08-20,binance,-22436.00945837
2024-08-20,bitfinex,12000.08904291
2024-08-21,binance,-25198.94828487
2024-08-22,binance,-25440.86534098
2024-08-23,binance,111981.48052394
2024-08-23,bitfinex,15552.06065274
2024-08-24,binance,113718.2776081
2024-08-24,bitfinex,12000.08906259
2024-08-25,binance,-28482.35296919
2024-08-25,bitfinex,3146.43067046
2024-08-25,okx,41662.90049867
2024-08-26,binance,-27944.03502153
2024-08-27,binance,113735.88845203
2024-08-28,binance,114811.3076906
2024-08-28,bitfinex,11646.51972205
2024-08-29,binance,-20139.39121384
2024-08-29,bitfinex,12000.08907351
2024-08-29,okx,41662.90050413
2024-08-30,binance,-19126.45542592
2024-08-30,bitfinex,12000.08907897
2024-08-31,binance,116764.24661857
2024-08-31,bitfinex,11646.51974389
2024-09-01,binance,-16913.54850537
2024-09-01,bitfinex,-353.56933508
2024-09-02,binance,-16677.2365865
2024-09-02,bitfinex,300.98820492
2024-09-03,binance,-14139.63267859
2024-09-03,bitfinex,4184.60969589
2024-09-04,binance,-14726.88264079
2024-09-05,binance,-12387.41367382
2024-09-05,okx,41662.90051413
2024-09-06,binance,124391.45408305
2024-09-06,bitfinex,1770.33066492
2024-09-07,binance,-18955.30676846
2024-09-07,bitfinex,2259.77385492
2024-09-08,binance,-20037.15746716
2024-09-08,bitfinex,2471.29786492
2024-09-09,binance,-23005.73486626
2024-09-09,bitfinex,2598.12069492
2024-09-10,binance,-24750.07299893
2024-09-11,binance,-26002.44197307
2024-09-11,okx,41662.90051959
2024-09-12,binance,-27240.04820549
2024-09-13,binance,-23638.1974306
2024-09-14,binance,-25022.75346737
2024-09-15,binance,-24565.15184391
2024-09-16,binance,-21619.47498792
2024-09-16,bitfinex,-401.879465
2024-09-17,binance,-23280.78336031
2024-09-17,bitfinex,12000.08912959
2024-09-17,okx,43663.90051959
2024-09-18,binance,121135.47698709
2024-09-19,binance,-21928.19291247
2024-09-20,binance,-21490.65404636
2024-09-20,bitfinex,15801.58131608
2024-09-20,okx,45904.60051959
2024-09-21,binance,-20093.79651007
2024-09-22,binance,-20097.05813871
2024-09-22,okx,46255.60051959
2024-09-23,binance,-17420.59394698
2024-09-24,binance,119825.30160752
2024-09-25,binance,-23365.32994556
2024-09-26,binance,117708.40324234
2024-09-26,bitfinex,11598.20974241
2024-09-27,binance,-28043.00557055
2024-09-27,bitfinex,4051.49212643
2024-09-28,binance,-23413.52089949
2024-09-28,bitfinex,-3601.8795
2024-09-29,binance,-23132.28681571
2024-09-29,bitfinex,-3601.879485
2024-09-30,binance,-19709.36711591
2024-09-30,okx,45755.60051959
2024-10-01,binance,126734.52761553
2024-10-01,bitfinex,4051.49213189
2024-10-01,okx,45755.60052505
2024-10-02,binance,-16527.03551396
2024-10-02,bitfinex,-3601.87947
2024-10-03,binance,127230.01985628
2024-10-03,bitfinex,-6601.879497
2024-10-03,okx,45755.60057505
2024-10-04,binance,-17132.11726986
2024-10-05,binance,-18296.4105242
2024-10-06,binance,-18756.66567204
2024-10-06,bitfinex,12000.08924511
2024-10-07,binance,-18788.60834183
2024-10-07,bitfinex,-10101.879515
2024-10-08,binance,-17036.20853986
2024-10-09,binance,-14630.79671312
2024-10-10,binance,-14944.69396509
2024-10-11,binance,123434.24998937
2024-10-12,binance,-20932.9470414
2024-10-13,binance,-21250.97193882
2024-10-14,binance,-19234.69146754
2024-10-15,binance,-21378.19961944
2024-10-15,bitfinex,4051.03113809
2024-10-16,binance,-22417.62850833
2024-10-16,bitfinex,-9630.650075
2024-10-17,binance,-19269.30274219
2024-10-18,binance,-23252.60292961
2024-10-18,okx,45255.60057505
2024-10-19,binance,-22581.62648137
2024-10-19,bitfinex,-12630.650179
2024-10-20,binance,-22722.0603469
2024-10-21,binance,121652.1752096
2024-10-22,binance,-20861.48437206
2024-10-23,binance,-20538.65551773
2024-10-24,binance,-22231.87925851
2024-10-25,binance,-24696.19514048
2024-10-26,binance,-23814.51907054
2024-10-27,binance,-19848.88904064
2024-10-27,bitfinex,-12630.65017354
2024-10-28,binance,-23687.96212327
2024-10-28,okx,42405.60057505
2024-10-29,binance,123488.88079532
2024-10-29,bitfinex,-16630.650204
2024-10-29,okx,41257.60057505
2024-10-30,binance,-24276.01695591
2024-10-31,binance,-20515.11351535
2024-11-01,binance,-18135.48504738
2024-11-02,binance,-18562.61891222
2024-11-03,binance,-16182.07550671
2024-11-04,binance,-12887.16545351
2024-11-04,bitfinex,-16045.8065864
2024-11-05,binance,-12732.95933816
2024-11-05,okx,42760.60057505
2024-11-06,binance,121117.79516031
2024-11-06,bitfinex,-5853.57620366
2024-11-06,okx,41260.60058051
2024-11-07,binance,-23292.93780367
2024-11-08,binance,-20633.06555967
2024-11-08,bitfinex,-9873.387441
2024-11-09,binance,-17048.2746406
2024-11-10,binance,-14956.78237747
2024-11-11,binance,-12357.77025386
2024-11-11,okx,41611.60058051
2024-11-12,binance,130274.49916495
2024-11-12,bitfinex,-12873.387529
2024-11-13,binance,-19611.32413107
2024-11-13,bitfinex,4500.5230546
2024-11-14,binance,-15688.27946263
2024-11-15,binance,-13957.01122377
2024-11-15,bitfinex,-15873.387811
2024-11-16,binance,-13993.56894596
2024-11-17,binance,139022.54251883
2024-11-17,bitfinex,4750.5230546
2024-11-18,binance,-9895.102729
2024-11-19,binance,97530.85593553
2024-11-20,binance,89012.58363342
2024-11-20,bitfinex,0.0891882
2024-11-20,okx,41111.60058051
2024-11-21,binance,-14473.23115179
2024-11-21,bitfinex,-15542.09760331
2024-11-22,binance,-20393.06252603
2024-11-22,okx,39111.60058051
2024-11-23,binance,93339.60204788
2024-11-23,bitfinex,-23419.12900752
2024-11-23,okx,40964.60058051
2024-11-24,binance,-7909.23906665
2024-11-24,bitfinex,-11181.006823
2024-11-24,okx,41315.60058051
2024-11-25,binance,97266.51928926
2024-11-25,bitfinex,-18076.02041446
2024-11-25,okx,41315.60058591
2024-11-26,binance,100491.41883576
2024-11-26,bitfinex,-9599.258733
2024-11-27,binance,-11139.76815137
2024-11-27,bitfinex,-8415.387683
2024-11-28,binance,-11425.73753548
2024-11-28,bitfinex,-2645.576553
2024-11-29,binance,-12670.42064071
2024-11-29,bitfinex,-7490.719773
2024-11-30,binance,-14967.65100811
2024-11-30,bitfinex,-1461.514133
2024-12-01,binance,-15597.74552169
2024-12-01,bitfinex,-4437.530233
2024-12-02,binance,-13115.67172341
2024-12-02,bitfinex,-954.345853
2024-12-03,binance,88570.414187
2024-12-03,bitfinex,2526.628687
2024-12-03,okx,41315.6576787
2024-12-04,binance,-18247.85042784
2024-12-04,bitfinex,4491.258317
2024-12-05,binance,-17977.81377907
2024-12-05,bitfinex,5294.690817
2024-12-06,binance,-18008.68026013
2024-12-06,bitfinex,6241.873507
2024-12-06,okx,41666.6576787
2024-12-07,binance,86930.53260002
2024-12-07,bitfinex,1772.012861
2024-12-08,binance,-13305.24613736
2024-12-08,bitfinex,14722.088047
2024-12-08,okx,41166.6576787
2024-12-09,binance,-17333.58562558
2024-12-09,bitfinex,9032.594697
2024-12-10,binance,-19162.18936254
2024-12-10,bitfinex,5799.98769211
2024-12-11,binance,-22912.75511754
2024-12-12,binance,-20872.80678882
2024-12-12,bitfinex,-11999.90905508
2024-12-13,binance,-27149.96803698
2024-12-13,okx,40166.6576787
2024-12-14,binance,-16584.45020736
2024-12-15,binance,-17169.78232726
2024-12-16,binance,80618.811709
2024-12-16,bitfinex,-5139.54691141
2024-12-17,binance,-23118.03595429
2024-12-17,bitfinex,8995.26414821
2024-12-18,binance,-22740.36479319
2024-12-19,binance,-15409.21424883
2024-12-19,bitfinex,3245.383519
2024-12-20,binance,90407.29816117
2024-12-20,bitfinex,4167.11300446
2024-12-20,okx,40166.65768416
2024-12-21,binance,90004.3383963
2024-12-21,bitfinex,-11999.90904172
2024-12-22,binance,-11115.5341728
2024-12-23,binance,-8900.04368707
2024-12-23,okx,39666.65768416
2024-12-24,binance,-10282.64957581
2024-12-25,binance,-10209.97829814
2024-12-25,bitfinex,4167.11300993
2024-12-25,okx,39666.65768963
2024-12-26,binance,92632.5612054
2024-12-26,bitfinex,-11999.90903626
2024-12-26,okx,39666.65769509
2024-12-27,binance,-7874.09058317
2024-12-27,bitfinex,6149.98789468
2024-12-28,binance,93329.47738329
2024-12-28,okx,40017.65769509
2024-12-29,binance,-9073.05958458
2024-12-30,binance,94275.55113712
2024-12-30,bitfinex,-15702.9886478
2024-12-30,okx,40017.65770055
2024-12-31,binance,-7548.17201052
2024-12-31,bitfinex,-10883.99998853
2024-12-31,okx,39667.65770055
2025-01-01,binance,-4690.02780452
2025-01-02,binance,93719.21234182
2025-01-02,bitfinex,-15702.98863688
2025-01-03,binance,-11033.53131736
2025-01-03,bitfinex,6149.32662677
2025-01-04,binance,-11132.18337209
2025-01-05,binance,-9483.21604374
2025-01-06,binance,-16492.40866991
2025-01-07,binance,-17876.76360843
2025-01-08,binance,85591.69379425
2025-01-09,binance,85341.32736143
2025-01-09,bitfinex,-15597.75046596
2025-01-09,okx,39667.65770601
2025-01-10,binance,85833.716636
2025-01-10,bitfinex,-14978.3534105
2025-01-11,binance,85787.1649437
2025-01-11,bitfinex,-11999.90900896
2025-01-12,binance,-14917.85861745
2025-01-12,bitfinex,-7713.11773984
2025-01-13,binance,-13367.07036026
2025-01-13,bitfinex,-2080.34171008
2025-01-14,binance,-17122.08126969
2025-01-14,bitfinex,-1964.18709462
2025-01-15,binance,-18746.7937619
2025-01-15,bitfinex,-1639.16831462
2025-01-16,binance,-18293.0382806
2025-01-16,okx,40018.65770601
2025-01-17,binance,-22208.80860619
2025-01-17,bitfinex,5097.71136815
2025-01-18,binance,81602.47577489
2025-01-19,binance,84294.54164238
2025-01-20,binance,-17252.19583032
2025-01-21,binance,-17491.93347962
2025-01-22,binance,-17936.36885162
2025-01-23,binance,-22197.43006623
2025-01-23,bitfinex,-851.61525916
2025-01-24,binance,-22271.89766809
2025-01-25,binance,-18862.60490112
2025-01-26,binance,-18910.02380156
2025-01-27,binance,-18860.30833078
2025-01-27,bitfinex,-851.61525316
2025-01-28,binance,-19523.1551857
2025-01-28,bitfinex,-3851.615396
2025-01-29,binance,-20671.90194457
2025-01-30,binance,-20529.60916584
2025-01-31,binance,-19365.80308982
2025-01-31,bitfinex,-11028.99998253
2025-02-01,binance,-21132.30320449
2025-02-02,binance,-18632.48412841
2025-02-03,binance,-18212.00959657
2025-02-03,okx,39668.65770601
2025-02-04,binance,-21118.51058929
2025-02-05,binance,82717.58093943
2025-02-06,binance,-16696.32719745
2025-02-07,binance,-18802.79478695
2025-02-07,bitfinex,5948.64536181
2025-02-08,binance,-14906.0485849
2025-02-09,binance,-14737.01088572
2025-02-10,binance,-15722.80376734
2025-02-11,binance,-16040.08074202
2025-02-12,binance,-14269.13144137
2025-02-12,bitfinex,-2989.627326
2025-02-13,binance,-12327.25865848
2025-02-13,bitfinex,-2884.785076
2025-02-14,binance,85907.36935138
2025-02-14,bitfinex,-13896.6009795
2025-02-14,okx,39668.65771147
2025-02-15,binance,-16774.39470622
2025-02-16,binance,87754.85496195
2025-02-16,bitfinex,-11999.90899804
2025-02-17,binance,-13474.38786847
2025-02-18,binance,-12313.92632699
2025-02-19,binance,-12328.32602496
2025-02-19,bitfinex,-1577.218016
2025-02-20,binance,87019.68830454
2025-02-21,binance,-23053.93783396
2025-02-22,binance,-17811.34795395
2025-02-23,binance,-17511.34790281
2025-02-24,binance,-17419.28028378
2025-02-24,bitfinex,-1374.018766
2025-02-25,binance,101308.16753801
2025-02-25,bitfinex,-6118.14528947
2025-02-26,binance,-16535.89645545
2025-02-26,bitfinex,-11715.43834082
2025-02-26,okx,39668.65771693
2025-02-27,binance,-15187.44156962
2025-02-27,bitfinex,5598.69179081
2025-02-28,binance,-16120.55786662
2025-02-28,bitfinex,1766.43223446
2025-03-01,binance,-19190.24665522
2025-03-02,binance,-22120.14315095
2025-03-02,okx,40019.65771693
2025-03-03,binance,-15263.92610311
2025-03-03,okx,40370.65771693
2025-03-04,binance,-13470.12766199
2025-03-04,bitfinex,4948.04233641
2025-03-05,binance,-13159.40381397
2025-03-06,binance,-12325.56608609
2025-03-07,binance,-10442.61293109
2025-03-08,binance,-10645.88033043
2025-03-09,binance,-12604.37807055
2025-03-10,binance,110537.14017987
2025-03-11,binance,109319.51290475
2025-03-11,bitfinex,-10038.9508699
2025-03-12,binance,-13885.69184297
2025-03-12,bitfinex,5957.79609446
2025-03-12,okx,40370.65772239
2025-03-13,binance,-12970.95172567
2025-03-13,bitfinex,6060.91387446
2025-03-14,binance,-14111.94472141
2025-03-14,bitfinex,6422.01622446
2025-03-14,okx,40571.65772239
2025-03-15,binance,-14586.56955966
2025-03-16,binance,109503.88129757
2025-03-16,bitfinex,-11999.90896226
2025-03-17,binance,112393.96305895
2025-03-18,binance,-13401.1842519
2025-03-18,bitfinex,-5159.05608234
2025-03-19,binance,-17498.07035849
2025-03-19,bitfinex,6942.70584446
2025-03-20,binance,-17155.71994338
2025-03-21,binance,108868.0232671
2025-03-21,bitfinex,-11999.90895134
2025-03-22,binance,-15443.81400471
2025-03-23,binance,-18286.85262713
2025-03-23,bitfinex,-11999.90894588
2025-03-24,binance,-24192.76807459
2025-03-25,binance,-22142.692947
2025-03-25,bitfinex,-13438.09443554
2025-03-26,binance,-20099.34966251
2025-03-27,binance,-20758.98430295
2025-03-28,binance,-15660.02222344
2025-03-28,bitfinex,-11999.90894042
2025-03-28,okx,40221.65772239
2025-03-29,binance,-14966.81559645
2025-03-30,binance,-15042.96266974
2025-03-30,okx,40221.65794579
2025-03-31,binance,-14165.14930399
2025-03-31,bitfinex,-14806.533585
2025-04-01,binance,-13956.04157008
2025-04-02,binance,107715.76151435
2025-04-02,bitfinex,-7052.45225852
2025-04-03,binance,115832.47727519
2025-04-03,okx,39871.65794579
2025-04-04,binance,-17531.29508979
2025-04-05,binance,-17207.02419962
2025-04-06,binance,-16382.60621874
2025-04-06,bitfinex,-17806.533591
2025-04-07,binance,-12683.73448129
2025-04-07,bitfinex,3947.45667635
2025-04-08,binance,-7771.08811109
2025-04-08,okx,40222.66794579
2025-04-09,binance,-11008.73277241
2025-04-09,okx,40573.66905579
2025-04-10,binance,-9167.8051005
2025-04-10,bitfinex,-11999.90884171
2025-04-11,binance,122483.80238253
2025-04-11,bitfinex,-29806.44240541
2025-04-11,okx,40573.66906671
2025-04-12,binance,-8019.36237859
2025-04-13,binance,125083.59132004
2025-04-13,bitfinex,-11999.90881987
2025-04-14,binance,-9286.1151457
2025-04-14,okx,40573.66830171
2025-04-15,binance,-8814.22053509
2025-04-15,okx,40073.66830171
2025-04-16,binance,-10208.67470971
2025-04-16,bitfinex,-20072.11301
2025-04-16,okx,40573.66830171
2025-04-17,binance,-10000.45794315
2025-04-17,bitfinex,-16999.90936117
2025-04-17,okx,40924.66830171
2025-04-18,binance,121129.73280299
2025-04-18,bitfinex,-16999.90935571
2025-04-18,okx,41176.66860161
2025-04-19,binance,-11194.43473047
2025-04-20,binance,-11349.45680522
2025-04-20,okx,41227.66860161
2025-04-21,binance,120587.50973029
2025-04-21,okx,41428.66860161
2025-04-22,binance,114038.54990225
2025-04-22,okx,41629.66860161
2025-04-23,binance,-22521.66502827
2025-04-23,bitfinex,-41468.75360817
2025-04-24,binance,-21753.6235199
2025-04-24,bitfinex,-12044.78649
2025-04-25,binance,108729.09525405
2025-04-25,okx,41279.66860161
2025-04-26,binance,-19014.96992881
2025-04-27,binance,-18513.24962511
2025-04-27,bitfinex,-28999.9093727
2025-04-28,binance,-18215.42878031
2025-04-28,okx,41280.66860161
2025-04-29,binance,-18282.92824819
2025-04-30,binance,-18004.61051582
2025-04-30,bitfinex,-11827.60096
2025-04-30,okx,41080.66860161
2025-05-01,binance,-22605.43885436
2025-05-01,bitfinex,-7668.24512601
2025-05-02,binance,-23770.62106012
2025-05-02,bitfinex,-11377.66054
2025-05-03,binance,-23421.48781109
2025-05-03,bitfinex,-10606.71647
2025-05-03,okx,41431.66860161
2025-05-04,binance,-24330.33371689
2025-05-04,bitfinex,-9337.63403
2025-05-05,binance,-22723.32432658
2025-05-05,bitfinex,-6099.41959
2025-05-06,binance,-22106.14841367
2025-05-06,bitfinex,-16830.32565253
2025-05-06,okx,41231.66860161
2025-05-07,binance,-22338.28402616
2025-05-07,bitfinex,-5044.54591
2025-05-08,binance,-22527.67720921
2025-05-08,bitfinex,-4461.35513
2025-05-08,okx,42284.66860161
2025-05-09,binance,-20345.62389572
2025-05-09,bitfinex,-5710.020354
2025-05-10,binance,-21247.54860014
2025-05-10,okx,42485.66860161
2025-05-11,binance,-19519.49897811
2025-05-12,binance,-23411.48889343
2025-05-12,bitfinex,-1379.63100001
2025-05-12,okx,41485.66860161
2025-05-13,binance,-21221.48146804
2025-05-13,okx,42337.66860161
2025-05-14,binance,-23859.94777991
2025-05-14,bitfinex,-5250.213544
2025-05-14,okx,42889.66825721
2025-05-15,binance,-22369.72251253
2025-05-16,binance,-23327.36473742
2025-05-17,binance,-23673.42798425
2025-05-17,okx,42539.66825721
2025-05-18,binance,-22355.79614716
2025-05-19,binance,-26727.840085
2025-05-20,binance,-26640.56976289
2025-05-21,binance,-21022.03731646
2025-05-22,binance,-16361.65531703
2025-05-22,bitfinex,4446.95142399
2025-05-22,okx,42040.66825721
2025-05-23,binance,-20519.41122878
2025-05-23,okx,42241.66825721
2025-05-24,binance,-20822.19534685
2025-05-24,bitfinex,-8250.213555
2025-05-25,binance,-23334.07761806
2025-05-25,okx,42442.66825721
2025-05-26,binance,-21467.58676021
2025-05-27,binance,-22874.67134809
2025-05-28,binance,-23903.46016126
2025-05-28,okx,42144.66825721
2025-05-29,binance,-21812.72411185
2025-05-29,okx,41996.66825721
2025-05-30,binance,-23124.68951596
2025-05-30,okx,41646.66825721
2025-05-31,binance,-20853.36850363
2025-06-01,binance,-22803.00352359
2025-06-01,bitfinex,-7806.222685
2025-06-02,binance,-23402.22532835
2025-06-02,bitfinex,-12961.022093
2025-06-03,binance,-24982.36381918
2025-06-03,bitfinex,-37999.90939117
2025-06-04,binance,-19565.51917294
2025-06-04,okx,41349.66825721
2025-06-05,binance,-18858.29451251
2025-06-05,bitfinex,4446.43024004
2025-06-06,binance,-23254.66166527
2025-06-07,binance,-24540.19230505
2025-06-07,okx,40999.66825721
2025-06-08,binance,-24736.61629701
2025-06-08,okx,41200.66825721
2025-06-09,binance,-26423.22169731
2025-06-09,bitfinex,-8769.587593
2025-06-10,binance,-26404.69828879
2025-06-10,bitfinex,-7658.759823
2025-06-10,okx,41401.66825721
2025-06-11,binance,-27321.32276351
2025-06-11,bitfinex,-7172.791713
2025-06-11,okx,41051.66825721
2025-06-12,binance,-26501.91264351
2025-06-12,bitfinex,-6902.317183
2025-06-13,binance,-30613.60176016
2025-06-13,bitfinex,-6270.228403
2025-06-13,okx,42053.66825721
2025-06-14,binance,-23533.27355823
2025-06-14,bitfinex,-6027.665833
2025-06-15,binance,-24162.76516345
2025-06-15,bitfinex,-5732.821243
2025-06-16,binance,88954.42960197
2025-06-16,bitfinex,-5429.256973
2025-06-17,binance,95165.06791921
2025-06-17,bitfinex,-5157.429293
2025-06-18,binance,-20772.01314162
2025-06-18,bitfinex,-4240.189183
2025-06-19,binance,-20321.745968
2025-06-19,bitfinex,-3699.244513
2025-06-20,binance,-20370.32076397
2025-06-20,bitfinex,-2723.049163
2025-06-20,okx,41903.66825721
2025-06-21,binance,-22252.41807472
2025-06-21,bitfinex,-39825.81941871
2025-06-22,binance,-19262.77138045
2025-06-22,bitfinex,-223.690893
2025-06-22,okx,42404.66825721
2025-06-23,binance,-22481.82199495
2025-06-23,bitfinex,5632.26220329
2025-06-24,binance,-23792.33495805
2025-06-24,bitfinex,1333.333527
2025-06-25,binance,-23759.41555299
2025-06-25,bitfinex,2000.650117
2025-06-26,binance,-25569.8314227
2025-06-26,bitfinex,4840.90151281
2025-06-26,okx,43406.66825721
2025-06-27,binance,-24455.90092457
2025-06-28,binance,-24846.05172689
2025-06-29,binance,90737.03028885
2025-06-29,okx,43757.66825721
2025-06-30,binance,-24395.81978305
2025-06-30,bitfinex,2118.063417
2025-07-01,binance,-24046.1091728
2025-07-01,okx,43757.66925721
2025-07-02,binance,-29436.72971596
2025-07-03,binance,-20783.35754236
2025-07-03,bitfinex,-37999.90938025
2025-07-03,okx,43757.66926267
2025-07-04,binance,-19184.63534449
2025-07-04,bitfinex,-37999.90937098
2025-07-05,binance,-19518.53386889
2025-07-05,bitfinex,-37999.90933598
2025-07-06,binance,92811.73959602
2025-07-06,bitfinex,-37999.90932502
2025-07-07,binance,-20184.77140081
2025-07-07,bitfinex,-37999.90931402
2025-07-08,binance,-20798.37077522
2025-07-08,bitfinex,-37999.9093086
2025-07-09,binance,-21851.43778486
2025-07-09,bitfinex,4540.90151281
2025-07-09,okx,43407.66926267
2025-07-10,binance,-23724.13631856
2025-07-11,binance,-19977.90554339
2025-07-11,okx,43758.66926267
2025-07-12,binance,-18195.45529788
2025-07-13,binance,-18090.07744922
2025-07-13,bitfinex,-35881.84587814
2025-07-14,binance,99972.86737986
2025-07-14,okx,43408.66926267
2025-07-15,binance,106969.14277453
2025-07-15,bitfinex,4540.36775424
2025-07-15,okx,43609.66926267
2025-07-16,binance,-19866.88386176
2025-07-16,bitfinex,9083.04383246
2025-07-16,okx,43810.66926267
2025-07-17,binance,102205.45678116
2025-07-17,bitfinex,-37999.90929514
2025-07-17,okx,44161.66926813
2025-07-18,binance,102988.57693802
2025-07-18,bitfinex,-28916.86545176
2025-07-18,okx,44161.66927359
2025-07-19,binance,-19880.9722183
2025-07-19,bitfinex,9083.04384338
2025-07-19,okx,44362.66927359
2025-07-20,binance,-20747.23520565
2025-07-21,binance,-24476.18782842
2025-07-21,bitfinex,9276.90363338
2025-07-22,binance,-23787.12076625
2025-07-22,bitfinex,9715.31361884
2025-07-22,okx,44012.66927359
2025-07-23,binance,97540.68324487
2025-07-23,bitfinex,-28158.60878538
2025-07-23,okx,44363.66927359
2025-07-24,binance,-22506.41184154
2025-07-24,bitfinex,14095.29708308
2025-07-24,okx,44864.66927359
2025-07-25,binance,-13614.56162741
2025-07-25,okx,45866.66927359
2025-07-26,binance,-15601.48699287
2025-07-26,okx,46217.66927359
2025-07-27,binance,-15721.83647023
2025-07-27,bitfinex,11036.29056884
2025-07-27,okx,46568.66927359
2025-07-28,binance,-14082.93654339
2025-07-28,bitfinex,11278.26411884
2025-07-28,okx,46218.66927359
2025-07-29,binance,-15421.09377842
2025-07-29,bitfinex,11423.87701884
2025-07-30,binance,-15394.15837139
2025-07-31,binance,-16103.94690079
2025-08-01,binance,-14931.15228828
2025-08-01,bitfinex,-22995.93297671
2025-08-01,okx,45868.66927359
2025-08-02,binance,-15757.6953036
2025-08-02,bitfinex,12147.35647884
2025-08-03,binance,-18730.97055065
2025-08-03,bitfinex,12823.22057884
2025-08-03,okx,46420.66927359
2025-08-04,binance,-14147.62909762
2025-08-04,okx,46420.66947359
2025-08-05,binance,-14649.81196008
2025-08-06,binance,-17108.9965142
2025-08-07,binance,-16946.50590642
2025-08-08,binance,-18168.16518327
2025-08-08,bitfinex,13378.80075884
2025-08-09,binance,-17766.29861928
2025-08-09,bitfinex,-24316.80550507
2025-08-10,binance,-15224.01017107
2025-08-10,bitfinex,13785.76345884
2025-08-11,binance,-10205.90843822
2025-08-11,okx,44920.66947359
2025-08-12,binance,-12036.13063617
2025-08-12,bitfinex,10785.762622
2025-08-13,binance,-8209.34634676
2025-08-14,binance,-6488.26812166
2025-08-15,binance,-6674.17070872
2025-08-16,binance,-7281.96755207
2025-08-16,okx,44570.66947359
2025-08-17,binance,116191.6467452
2025-08-18,binance,-17761.34152933
2025-08-18,okx,44771.66947359
2025-08-19,binance,-14187.58519015
2025-08-20,binance,-15030.60911963
2025-08-20,bitfinex,11134.832182
2025-08-21,binance,-12680.05208156
2025-08-21,bitfinex,11914.883042
2025-08-22,binance,-11883.08009302
2025-08-22,bitfinex,12746.240272
2025-08-23,binance,-10948.80577499
2025-08-23,bitfinex,12882.861822
2025-08-24,binance,123813.04276997
2025-08-24,bitfinex,13315.037142
2025-08-25,binance,-18742.20952217
2025-08-25,bitfinex,14347.934222
2025-08-26,binance,-17710.96244502
2025-08-26,bitfinex,15181.908822
2025-08-27,binance,-20492.11222776
2025-08-27,bitfinex,15787.159972
2025-08-28,binance,-20272.07184132
2025-08-28,bitfinex,15933.735542
2025-08-28,okx,44421.66947359
2025-08-29,binance,-20089.42383403
2025-08-29,bitfinex,12074.781333
2025-08-30,binance,-19295.31473977
2025-08-31,binance,-16982.73419692
2025-09-01,binance,-15370.56904684
2025-09-02,binance,-16547.00044396
2025-09-02,bitfinex,3264.39001573
2025-09-02,okx,43921.66947359
2025-09-03,binance,-18364.30082634
2025-09-04,binance,-17564.91075587
2025-09-05,binance,-17613.43477557
2025-09-06,binance,-16336.04758753
2025-09-07,binance,-17100.17770986
2025-09-08,binance,-17241.68753193
2025-09-09,binance,-17949.62609922
2025-09-10,binance,-18321.51679248
2025-09-11,binance,-19448.69019144
2025-09-11,bitfinex,2914.39001573
2025-09-11,okx,43571.66947359
2025-09-12,binance,-23767.08258172
2025-09-13,binance,-21969.33260693
2025-09-14,binance,-23720.80094112
2025-09-15,binance,-22768.30195075
2025-09-16,binance,-21600.20138811
2025-09-17,binance,-24925.19231003
2025-09-18,binance,-26314.3133089
2025-09-19,binance,-25453.45278583
2025-09-20,binance,-26821.45719622
2025-09-21,binance,-27172.65943664
2025-09-22,binance,-28745.91182396
2025-09-22,okx,43772.66947359
2025-09-23,binance,116508.69857884
2025-09-23,bitfinex,12074.78133846
2025-09-24,binance,-23634.35317115
2025-09-25,binance,-23927.86900788
2025-09-26,binance,-20511.38660578
2025-09-26,bitfinex,-27425.12777345
2025-09-27,binance,-21191.54868496
2025-09-28,binance,-21869.94708799
2025-09-29,binance,-23201.53353054
2025-09-29,bitfinex,2164.39001573
2025-09-29,okx,43973.66947359
2025-09-30,binance,-22741.17003479
2025-09-30,bitfinex,4574.781332
2025-09-30,okx,46378.66947359
2025-10-01,binance,-25178.8447205
2025-10-01,bitfinex,2163.98377757
2025-10-02,binance,-23934.245909
2025-10-02,okx,46579.66947359
2025-10-03,binance,-26718.62926701
2025-10-03,bitfinex,3074.781328
2025-10-03,okx,46780.66947359
2025-10-04,binance,-20371.96034308
2025-10-05,binance,-18204.5228705
2025-10-06,binance,-21600.79579513
2025-10-06,okx,47132.66947359
2025-10-07,binance,-21526.94325493
2025-10-08,binance,118923.86169994
2025-10-08,okx,47333.66947905
2025-10-09,binance,-24435.71036359
2025-10-09,okx,47534.66947905
2025-10-10,binance,-27193.88567312
2025-10-10,bitfinex,2663.98377757
2025-10-10,okx,47034.66947905
2025-10-11,binance,-23261.12247833
2025-10-11,okx,47235.66947905
2025-10-12,binance,112712.84763052
2025-10-12,bitfinex,3074.78133346
2025-10-13,binance,110079.85050688
2025-10-13,bitfinex,-37999.90910299
2025-10-14,binance,89677.1182836
2025-10-14,bitfinex,4422.21345346
2025-10-15,binance,-26463.97651655
2025-10-15,bitfinex,4998.32412346
2025-10-16,binance,-24701.13952492
2025-10-16,bitfinex,5943.64797346
2025-10-17,binance,-22005.70644399
2025-10-17,bitfinex,7040.38993346
2025-10-18,binance,-23630.78385779
2025-10-18,bitfinex,7586.79056346
2025-10-18,okx,46885.66947905
2025-10-19,binance,-25188.47537311
2025-10-19,bitfinex,8265.64591346
2025-10-20,binance,-25906.8225545
2025-10-20,bitfinex,8466.88966346
2025-10-21,binance,-21898.30104734
2025-10-21,okx,46886.66947905
2025-10-22,binance,-19028.93273107
2025-10-22,okx,47037.66947905
2025-10-23,binance,-18779.68945597
2025-10-23,bitfinex,6044.61865446
2025-10-24,binance,-19268.45484507
2025-10-25,binance,-19518.01000785
2025-10-26,binance,-19264.43217507
2025-10-26,bitfinex,2663.98378303
2025-10-27,binance,100723.15563064
2025-10-27,bitfinex,-49188.9090746
2025-10-28,binance,-19569.29979691
2025-10-28,okx,47238.66947905
2025-10-29,binance,-20585.68512519
2025-10-29,okx,49943.66947905
2025-10-30,binance,-16096.65783414
2025-10-30,bitfinex,-11189.00097707
2025-10-31,binance,-11636.43987546
2025-10-31,bitfinex,-11279.40097707
2025-11-01,binance,114027.56895409
2025-11-02,binance,-13680.66091271
2025-11-02,okx,50144.66947905
2025-11-03,binance,-17585.68911265
2025-11-03,bitfinex,1044.618627
2025-11-04,binance,-10763.68773919
2025-11-04,bitfinex,-37999.90908753
2025-11-04,okx,52147.66947905
2025-11-05,binance,-11180.47982558
2025-11-05,okx,52699.66947905
2025-11-06,binance,-9850.11523913
2025-11-06,bitfinex,-2455.381379
2025-11-07,binance,-9417.41376011
2025-11-07,okx,51999.66947905
2025-11-08,binance,-8175.27279969
2025-11-09,binance,-9698.27938325
2025-11-10,binance,-10987.8871
2025-11-10,okx,52200.66947905
2025-11-11,binance,-12599.69521985
2025-11-12,binance,-15921.06844919
2025-11-12,bitfinex,-5455.381381
2025-11-13,binance,-10764.40150441
2025-11-14,binance,-7951.96625714
2025-11-14,bitfinex,-10291.39760297
2025-11-15,binance,124792.60660029
2025-11-15,okx,52401.66947905
2025-11-16,binance,-12961.48662676
2025-11-16,bitfinex,1413.98378303
2025-11-17,binance,-8392.71445191
2025-11-17,bitfinex,-12038.281866
2025-11-17,okx,52902.66947905
2025-11-18,binance,129826.00523902
2025-11-18,bitfinex,-11672.940826
2025-11-19,binance,-18295.3045964
2025-11-20,binance,-16414.4896063
2025-11-20,bitfinex,-11399.255586
2025-11-21,binance,-11680.05599549
2025-11-21,bitfinex,-10152.93568297
2025-11-21,okx,53103.66947905
2025-11-22,binance,-8479.0593367
2025-11-22,bitfinex,-10380.030436
2025-11-22,okx,53304.66947905
2025-11-23,binance,-12298.1016159
2025-11-23,bitfinex,-9191.116296
2025-11-24,binance,-14300.78321319
2025-11-24,bitfinex,-5622.485456
2025-11-25,binance,-15291.59703488
2025-11-25,bitfinex,-4773.707086
2025-11-25,okx,55808.66947905
2025-11-26,binance,-16100.20935374
2025-11-26,bitfinex,-4096.757766
2025-11-26,okx,56109.66947905
2025-11-27,binance,-20758.67882108
2025-11-28,binance,-17924.54799355
2025-11-29,binance,-18036.66508371
2025-11-30,binance,-17900.78276934
2025-11-30,okx,56410.66947905
2025-12-01,binance,-19166.43152374
2025-12-01,bitfinex,-3778.446826
2025-12-01,okx,61821.66947905
2025-12-02,binance,-25196.36901945
2025-12-02,bitfinex,-3182.507866
2025-12-02,okx,62373.66947905
2025-12-03,binance,-22300.47737443
2025-12-03,bitfinex,663.29601284
2025-12-04,binance,-25674.68849267
2025-12-04,okx,62474.66947905
2025-12-05,binance,-22366.30348236
